id|name|url|mainbody|sidebar|related
1|Fantastic Plastic Keyboard|http://era.info|{"description":"Nihil omnis nihil aut repudiandae unde expedita aliquam laboriosam optio. Maxime maxime et ab aut. Quod numquam voluptatem blanditiis consequatur reiciendis. Omnis inventore occaecati excepturi ab earum nisi est vitae enim. Ipsam dolorum et quidem.","images":["http://lorempixel.com/640/480/nature","http://lorempixel.com/640/480/nightlife"],"maturecontent":{"description":["Strong Language","Crude Humor"]},"sysrequirement":{"os":["Linux"],"processor":"Core i5-7600","memory":"16GB RAM","graphics":"GTX 1050 / RX 570 - 4GB VRAM"}}|{"description":{"player":["dolorum","http://lorempixel.com/640/480/city"],"achievements":["sunt","http://lorempixel.com/640/480/transport"],"captions":["sunt","http://lorempixel.com/640/480/fashion"],"workshop":["ipsam","http://lorempixel.com/640/480/business"],"editor":["vel","http://lorempixel.com/640/480/nature"]},"vrsupport":{"headset":["quis","http://lorempixel.com/640/480/nightlife","molestias","http://lorempixel.com/640/480/nature","deleniti","http://lorempixel.com/640/480/business","quia","http://lorempixel.com/640/480/city"],"input":["modi","http://lorempixel.com/640/480/technics"],"playarea":["rerum","http://lorempixel.com/640/480/fashion","vitae","http://lorempixel.com/640/480/cats","voluptas","http://lorempixel.com/640/480/nightlife"]},"languages":{"English":[false,false,true],"French":[false,true,true],"German":[true,false,true],"SpanishSpain":[false,false,false],"Japanese":[false,true,false],"Korean":[false,false,true],"Russian":[true,true,true],"SimplifiedChinese":[true,false,true],"SpanishLatinAmerica":[false,false,false],"TraditionalChinese":[true,true,false]},"achievements":["http://lorempixel.com/640/480/people","http://lorempixel.com/640/480/abstract","http://lorempixel.com/640/480/animals","http://lorempixel.com/640/480/food","http://lorempixel.com/640/480/fashion"],"metacritic":16,"minidescription":{"genre":["Strategy","Puzzle"],"developer":"Stoltenberg - Bahringer","publisher":"Swift, Blick and Schulist","franchise":"Steuber Group","releasedate":"2019-10-24T17:48:55.150Z"}}|{[{"name":"Licensed Granite Fish","thumbnail":"http://lorempixel.com/640/480/cats","price":"164.00","hoverinfo":{"releasedate":"2020-01-12T11:21:53.203Z","gif":"http://lorempixel.com/640/480/nature","reviews":"Positive","totalReviews":839,"tag":["Psychological Horror","First-Person"]}},{"name":"Handcrafted Frozen Mouse","thumbnail":"http://lorempixel.com/640/480/abstract","price":"505.00","hoverinfo":{"releasedate":"2019-07-16T17:58:35.690Z","gif":"http://lorempixel.com/640/480/nature","reviews":"Very Negative","totalReviews":766,"tag":["Psychological Horror","First-Person"]}},{"name":"Licensed Cotton Fish","thumbnail":"http://lorempixel.com/640/480/abstract","price":"642.00","hoverinfo":{"releasedate":"2019-08-18T14:27:11.220Z","gif":"http://lorempixel.com/640/480/transport","reviews":"Very Positive","totalReviews":486,"tag":["Psychological Horror","First-Person"]}},{"name":"Gorgeous Frozen Pants","thumbnail":"http://lorempixel.com/640/480/cats","price":"553.00","hoverinfo":{"releasedate":"2019-07-17T22:56:21.693Z","gif":"http://lorempixel.com/640/480/technics","reviews":"Negative","totalReviews":524,"tag":["Psychological Horror","First-Person"]}},{"name":"Ergonomic Concrete Pants","thumbnail":"http://lorempixel.com/640/480/nightlife","price":"13.00","hoverinfo":{"releasedate":"2019-11-08T04:40:50.134Z","gif":"http://lorempixel.com/640/480/technics","reviews":"Mixed","totalReviews":989,"tag":["Psychological Horror","First-Person"]}}]}
2|Handcrafted Wooden Table|https://roberto.net|{"description":"Consequuntur saepe sequi corrupti reiciendis pariatur quas qui. Sapiente sed veniam rerum at perspiciatis voluptatum. Repellendus quidem laboriosam earum. Ex quisquam id harum porro qui et earum. Est magnam voluptatum ipsa distinctio animi quo. Harum atque soluta quia magni numquam impedit harum.","images":["http://lorempixel.com/640/480/business","http://lorempixel.com/640/480/people"],"maturecontent":{"description":["Sexual Content","Drug Reference"]},"sysrequirement":{"os":["Windows 10"],"processor":"Core i5-7600","memory":"12GB RAM","graphics":"GTX 1050 / RX 570 - 4GB VRAM"}}|{"description":{"player":["quasi","http://lorempixel.com/640/480/city"],"achievements":["eos","http://lorempixel.com/640/480/nightlife"],"captions":["non","http://lorempixel.com/640/480/business"],"workshop":["aut","http://lorempixel.com/640/480/technics"],"editor":["est","http://lorempixel.com/640/480/sports"]},"vrsupport":{"headset":["qui","http://lorempixel.com/640/480/cats","dignissimos","http://lorempixel.com/640/480/business","omnis","http://lorempixel.com/640/480/business","ipsa","http://lorempixel.com/640/480/city"],"input":["sit","http://lorempixel.com/640/480/food"],"playarea":["quia","http://lorempixel.com/640/480/abstract","repudiandae","http://lorempixel.com/640/480/city","omnis","http://lorempixel.com/640/480/technics"]},"languages":{"English":[false,false,false],"French":[false,false,false],"German":[true,false,false],"SpanishSpain":[false,true,false],"Japanese":[true,true,true],"Korean":[false,false,true],"Russian":[false,true,false],"SimplifiedChinese":[false,true,false],"SpanishLatinAmerica":[false,false,false],"TraditionalChinese":[false,true,true]},"achievements":["http://lorempixel.com/640/480/animals","http://lorempixel.com/640/480/people","http://lorempixel.com/640/480/food"],"metacritic":85,"minidescription":{"genre":["Puzzle"],"developer":"Shanahan - Kozey","publisher":"Lynch and Sons","franchise":"Emard Inc","releasedate":"2019-12-02T19:32:45.808Z"}}|{[{"name":"Intelligent Cotton Bike","thumbnail":"http://lorempixel.com/640/480/fashion","price":"678.00","hoverinfo":{"releasedate":"2020-04-27T01:17:33.046Z","gif":"http://lorempixel.com/640/480/transport","reviews":"Overwhelmingly Negative","totalReviews":87,"tag":["Psychological Horror","First-Person"]}},{"name":"Awesome Concrete Bike","thumbnail":"http://lorempixel.com/640/480/food","price":"668.00","hoverinfo":{"releasedate":"2020-03-05T10:16:03.389Z","gif":"http://lorempixel.com/640/480/technics","reviews":"Overwhelmingly Positive","totalReviews":4,"tag":["Psychological Horror","First-Person"]}},{"name":"Practical Frozen Ball","thumbnail":"http://lorempixel.com/640/480/city","price":"787.00","hoverinfo":{"releasedate":"2019-11-22T07:08:50.109Z","gif":"http://lorempixel.com/640/480/sports","reviews":"Overwhelmingly Negative","totalReviews":466,"tag":["Psychological Horror","First-Person"]}},{"name":"Practical Wooden Car","thumbnail":"http://lorempixel.com/640/480/food","price":"248.00","hoverinfo":{"releasedate":"2019-05-30T15:55:04.490Z","gif":"http://lorempixel.com/640/480/cats","reviews":"Very Positive","totalReviews":200,"tag":["Psychological Horror","First-Person"]}},{"name":"Ergonomic Rubber Pants","thumbnail":"http://lorempixel.com/640/480/nature","price":"25.00","hoverinfo":{"releasedate":"2019-07-22T12:22:23.796Z","gif":"http://lorempixel.com/640/480/animals","reviews":"Overwhelmingly Negative","totalReviews":0,"tag":["Psychological Horror","First-Person"]}}]}
3|Rustic Rubber Hat|http://sadie.com|{"description":"Dolorem dolores reiciendis cupiditate alias hic eaque repellat aut provident. Cum eos excepturi enim ut enim quibusdam. Ipsam repellat laboriosam itaque consequuntur molestiae est. Consequatur expedita voluptatum ea ex harum.","images":["http://lorempixel.com/640/480/cats","http://lorempixel.com/640/480/animals"],"maturecontent":{"description":["Violent References","Partial Nudity","Sexual Violence"]},"sysrequirement":{"os":["Windows 10"],"processor":"Core i5-7800","memory":"8GB RAM","graphics":"GTX 1050 / RX 570 - 4GB VRAM"}}|{"description":{"player":["officia","http://lorempixel.com/640/480/animals"],"achievements":["ipsam","http://lorempixel.com/640/480/abstract"],"captions":["quisquam","http://lorempixel.com/640/480/technics"],"workshop":["sed","http://lorempixel.com/640/480/animals"],"editor":["molestias","http://lorempixel.com/640/480/fashion"]},"vrsupport":{"headset":["alias","http://lorempixel.com/640/480/animals","quis","http://lorempixel.com/640/480/people","blanditiis","http://lorempixel.com/640/480/nightlife","eum","http://lorempixel.com/640/480/abstract"],"input":["nobis","http://lorempixel.com/640/480/fashion"],"playarea":["similique","http://lorempixel.com/640/480/city","tempore","http://lorempixel.com/640/480/city","recusandae","http://lorempixel.com/640/480/transport"]},"languages":{"English":[false,true,true],"French":[false,false,true],"German":[true,false,false],"SpanishSpain":[false,false,true],"Japanese":[true,true,true],"Korean":[false,true,false],"Russian":[false,true,false],"SimplifiedChinese":[true,false,false],"SpanishLatinAmerica":[false,false,false],"TraditionalChinese":[false,false,false]},"achievements":["http://lorempixel.com/640/480/animals","http://lorempixel.com/640/480/food","http://lorempixel.com/640/480/cats","http://lorempixel.com/640/480/people","http://lorempixel.com/640/480/fashion"],"metacritic":49,"minidescription":{"genre":["Simulation","Role-playing","Idea"],"developer":"Jast - O'Keefe","publisher":"Lowe - Blick","franchise":"Ernser - Ullrich","releasedate":"2019-09-21T06:31:16.791Z"}}|{[{"name":"Refined Granite Computer","thumbnail":"http://lorempixel.com/640/480/abstract","price":"216.00","hoverinfo":{"releasedate":"2019-08-18T19:17:08.925Z","gif":"http://lorempixel.com/640/480/fashion","reviews":"Mostly Negative","totalReviews":379,"tag":["Psychological Horror","First-Person"]}},{"name":"Intelligent Cotton Hat","thumbnail":"http://lorempixel.com/640/480/fashion","price":"11.00","hoverinfo":{"releasedate":"2020-05-08T01:30:53.181Z","gif":"http://lorempixel.com/640/480/business","reviews":"Negative","totalReviews":600,"tag":["Psychological Horror","First-Person"]}},{"name":"Ergonomic Concrete Bike","thumbnail":"http://lorempixel.com/640/480/sports","price":"80.00","hoverinfo":{"releasedate":"2020-01-10T23:55:47.282Z","gif":"http://lorempixel.com/640/480/business","reviews":"Overwhelmingly Negative","totalReviews":96,"tag":["Psychological Horror","First-Person"]}},{"name":"Handmade Fresh Chips","thumbnail":"http://lorempixel.com/640/480/people","price":"379.00","hoverinfo":{"releasedate":"2020-01-18T15:52:42.926Z","gif":"http://lorempixel.com/640/480/cats","reviews":"Very Positive","totalReviews":18,"tag":["Psychological Horror","First-Person"]}},{"name":"Incredible Steel Hat","thumbnail":"http://lorempixel.com/640/480/abstract","price":"777.00","hoverinfo":{"releasedate":"2019-06-09T21:38:20.808Z","gif":"http://lorempixel.com/640/480/animals","reviews":"Very Negative","totalReviews":909,"tag":["Psychological Horror","First-Person"]}}]}
4|Generic Metal Soap|http://madison.org|{"description":"Quia aut accusantium. Sequi quia nihil voluptatem. Nihil dolores et consequatur beatae mollitia necessitatibus ex iusto. Magni totam et sint quia voluptas doloribus laboriosam nihil. Sequi ut a et.","images":["http://lorempixel.com/640/480/technics","http://lorempixel.com/640/480/abstract"],"maturecontent":{"description":[]},"sysrequirement":{"os":["Windows 10","Mac OSX"],"processor":"Core i5-7600","memory":"12GB RAM","graphics":"GTX 1050 / RX 570 - 4GB VRAM"}}|{"description":{"player":["non","http://lorempixel.com/640/480/business"],"achievements":["dolores","http://lorempixel.com/640/480/abstract"],"captions":["deserunt","http://lorempixel.com/640/480/food"],"workshop":["ducimus","http://lorempixel.com/640/480/animals"],"editor":["amet","http://lorempixel.com/640/480/sports"]},"vrsupport":{"headset":["et","http://lorempixel.com/640/480/animals","voluptatum","http://lorempixel.com/640/480/people","voluptatem","http://lorempixel.com/640/480/nightlife","suscipit","http://lorempixel.com/640/480/technics"],"input":["provident","http://lorempixel.com/640/480/nightlife"],"playarea":["eum","http://lorempixel.com/640/480/nightlife","voluptatem","http://lorempixel.com/640/480/technics","tenetur","http://lorempixel.com/640/480/transport"]},"languages":{"English":[false,true,false],"French":[false,true,true],"German":[false,false,false],"SpanishSpain":[false,true,true],"Japanese":[false,true,true],"Korean":[true,false,true],"Russian":[false,false,false],"SimplifiedChinese":[true,false,true],"SpanishLatinAmerica":[true,true,true],"TraditionalChinese":[true,true,true]},"achievements":["http://lorempixel.com/640/480/animals","http://lorempixel.com/640/480/food","http://lorempixel.com/640/480/people","http://lorempixel.com/640/480/abstract"],"metacritic":94,"minidescription":{"genre":["Idea"],"developer":"Kunde - Bauch","publisher":"Kris LLC","franchise":"Bailey, Blick and Buckridge","releasedate":"2019-07-23T05:26:07.631Z"}}|{[{"name":"Unbranded Concrete Sausages","thumbnail":"http://lorempixel.com/640/480/business","price":"889.00","hoverinfo":{"releasedate":"2020-05-05T08:55:39.332Z","gif":"http://lorempixel.com/640/480/fashion","reviews":"Overwhelmingly Positive","totalReviews":820,"tag":["Psychological Horror","First-Person"]}},{"name":"Ergonomic Metal Keyboard","thumbnail":"http://lorempixel.com/640/480/nightlife","price":"748.00","hoverinfo":{"releasedate":"2020-04-09T08:18:16.320Z","gif":"http://lorempixel.com/640/480/animals","reviews":"Mixed","totalReviews":53,"tag":["Psychological Horror","First-Person"]}},{"name":"Awesome Frozen Chips","thumbnail":"http://lorempixel.com/640/480/technics","price":"712.00","hoverinfo":{"releasedate":"2019-07-20T10:29:16.083Z","gif":"http://lorempixel.com/640/480/abstract","reviews":"Mixed","totalReviews":894,"tag":["Psychological Horror","First-Person"]}},{"name":"Gorgeous Fresh Chips","thumbnail":"http://lorempixel.com/640/480/nightlife","price":"35.00","hoverinfo":{"releasedate":"2019-09-25T12:11:53.484Z","gif":"http://lorempixel.com/640/480/nightlife","reviews":"Very Negative","totalReviews":259,"tag":["Psychological Horror","First-Person"]}},{"name":"Unbranded Cotton Salad","thumbnail":"http://lorempixel.com/640/480/food","price":"639.00","hoverinfo":{"releasedate":"2019-11-25T07:29:11.138Z","gif":"http://lorempixel.com/640/480/transport","reviews":"Overwhelmingly Negative","totalReviews":967,"tag":["Psychological Horror","First-Person"]}}]}
5|Awesome Wooden Sausages|http://myrna.biz|{"description":"Fugiat delectus totam tempore qui nobis et recusandae laborum explicabo. Maiores ea nemo porro impedit vel odio minus. Maiores aut inventore vel ratione. Amet id aut rerum vel reiciendis temporibus minima sint fugiat. Non soluta quae voluptatem pariatur fugiat.","images":["http://lorempixel.com/640/480/animals","http://lorempixel.com/640/480/city"],"maturecontent":{"description":["Strong Sexual Content","Use of Drugs"]},"sysrequirement":{"os":["Linux"],"processor":"Core i5-7500","memory":"8GB RAM","graphics":"GTX 1060 / RX 580 - 6GB VRAM"}}|{"description":{"player":["unde","http://lorempixel.com/640/480/transport"],"achievements":["nulla","http://lorempixel.com/640/480/business"],"captions":["est","http://lorempixel.com/640/480/animals"],"workshop":["voluptatem","http://lorempixel.com/640/480/food"],"editor":["cum","http://lorempixel.com/640/480/transport"]},"vrsupport":{"headset":["veritatis","http://lorempixel.com/640/480/abstract","voluptatem","http://lorempixel.com/640/480/abstract","in","http://lorempixel.com/640/480/food","cupiditate","http://lorempixel.com/640/480/food"],"input":["debitis","http://lorempixel.com/640/480/people"],"playarea":["ut","http://lorempixel.com/640/480/city","suscipit","http://lorempixel.com/640/480/food","fugiat","http://lorempixel.com/640/480/people"]},"languages":{"English":[true,true,false],"French":[true,false,false],"German":[true,true,true],"SpanishSpain":[false,true,false],"Japanese":[true,true,true],"Korean":[true,true,false],"Russian":[true,false,false],"SimplifiedChinese":[false,false,false],"SpanishLatinAmerica":[true,false,true],"TraditionalChinese":[false,false,false]},"achievements":["http://lorempixel.com/640/480/animals","http://lorempixel.com/640/480/people","http://lorempixel.com/640/480/fashion"],"metacritic":57,"minidescription":{"genre":["Puzzle","Idea","Strategy"],"developer":"Flatley - Zboncak","publisher":"Bailey, Schoen and Bins","franchise":"Stanton - Rolfson","releasedate":"2019-10-12T09:23:09.133Z"}}|{[{"name":"Refined Fresh Bike","thumbnail":"http://lorempixel.com/640/480/transport","price":"814.00","hoverinfo":{"releasedate":"2020-01-01T21:32:12.166Z","gif":"http://lorempixel.com/640/480/people","reviews":"Very Positive","totalReviews":528,"tag":["Psychological Horror","First-Person"]}},{"name":"Handcrafted Steel Chicken","thumbnail":"http://lorempixel.com/640/480/fashion","price":"458.00","hoverinfo":{"releasedate":"2020-04-11T03:34:18.836Z","gif":"http://lorempixel.com/640/480/city","reviews":"Mixed","totalReviews":943,"tag":["Psychological Horror","First-Person"]}},{"name":"Gorgeous Concrete Fish","thumbnail":"http://lorempixel.com/640/480/food","price":"99.00","hoverinfo":{"releasedate":"2019-12-30T02:30:52.990Z","gif":"http://lorempixel.com/640/480/nature","reviews":"Mostly Positive","totalReviews":87,"tag":["Psychological Horror","First-Person"]}},{"name":"Handcrafted Steel Hat","thumbnail":"http://lorempixel.com/640/480/business","price":"970.00","hoverinfo":{"releasedate":"2019-06-03T14:20:16.653Z","gif":"http://lorempixel.com/640/480/sports","reviews":"Overwhelmingly Positive","totalReviews":353,"tag":["Psychological Horror","First-Person"]}},{"name":"Unbranded Rubber Cheese","thumbnail":"http://lorempixel.com/640/480/cats","price":"701.00","hoverinfo":{"releasedate":"2019-09-07T07:16:40.729Z","gif":"http://lorempixel.com/640/480/technics","reviews":"Overwhelmingly Positive","totalReviews":357,"tag":["Psychological Horror","First-Person"]}}]}
6|Refined Soft Sausages|https://sabina.name|{"description":"Omnis cupiditate est molestias unde ut et repudiandae facere. Voluptates vitae dolore ut qui cupiditate officia. Laboriosam quia laborum vitae ad cupiditate ducimus accusantium et ut. Tempora impedit aut fuga accusantium natus nam.","images":["http://lorempixel.com/640/480/nightlife","http://lorempixel.com/640/480/cats"],"maturecontent":{"description":["Simulated Gambling","Blood and Gore"]},"sysrequirement":{"os":["Windows 10","Linux","Mac OSX"],"processor":"Core i5-7700","memory":"12GB RAM","graphics":"GTX 1060 / RX 580 - 6GB VRAM"}}|{"description":{"player":["itaque","http://lorempixel.com/640/480/business"],"achievements":["tempore","http://lorempixel.com/640/480/people"],"captions":["consequuntur","http://lorempixel.com/640/480/people"],"workshop":["sint","http://lorempixel.com/640/480/sports"],"editor":["praesentium","http://lorempixel.com/640/480/nightlife"]},"vrsupport":{"headset":["aut","http://lorempixel.com/640/480/sports","soluta","http://lorempixel.com/640/480/technics","et","http://lorempixel.com/640/480/transport","vel","http://lorempixel.com/640/480/technics"],"input":["debitis","http://lorempixel.com/640/480/fashion"],"playarea":["ut","http://lorempixel.com/640/480/abstract","accusantium","http://lorempixel.com/640/480/city","et","http://lorempixel.com/640/480/business"]},"languages":{"English":[true,true,false],"French":[false,true,true],"German":[true,true,true],"SpanishSpain":[true,true,false],"Japanese":[true,true,false],"Korean":[true,false,true],"Russian":[true,true,true],"SimplifiedChinese":[true,true,true],"SpanishLatinAmerica":[false,true,true],"TraditionalChinese":[true,true,false]},"achievements":["http://lorempixel.com/640/480/people","http://lorempixel.com/640/480/abstract","http://lorempixel.com/640/480/cats","http://lorempixel.com/640/480/business","http://lorempixel.com/640/480/food"],"metacritic":22,"minidescription":{"genre":["Action-adventure","Idea"],"developer":"Mante, Moore and Kuvalis","publisher":"Tremblay, Kutch and Kuhlman","franchise":"Harris Group","releasedate":"2020-03-23T10:31:48.203Z"}}|{[{"name":"Intelligent Concrete Mouse","thumbnail":"http://lorempixel.com/640/480/city","price":"95.00","hoverinfo":{"releasedate":"2019-11-10T05:04:56.444Z","gif":"http://lorempixel.com/640/480/nightlife","reviews":"Very Negative","totalReviews":928,"tag":["Psychological Horror","First-Person"]}},{"name":"Ergonomic Rubber Tuna","thumbnail":"http://lorempixel.com/640/480/nature","price":"443.00","hoverinfo":{"releasedate":"2020-02-09T19:26:01.443Z","gif":"http://lorempixel.com/640/480/fashion","reviews":"Positive","totalReviews":322,"tag":["Psychological Horror","First-Person"]}},{"name":"Sleek Rubber Ball","thumbnail":"http://lorempixel.com/640/480/technics","price":"856.00","hoverinfo":{"releasedate":"2019-09-26T10:26:51.482Z","gif":"http://lorempixel.com/640/480/technics","reviews":"Very Positive","totalReviews":263,"tag":["Psychological Horror","First-Person"]}},{"name":"Fantastic Wooden Chips","thumbnail":"http://lorempixel.com/640/480/nightlife","price":"784.00","hoverinfo":{"releasedate":"2019-11-15T20:17:59.082Z","gif":"http://lorempixel.com/640/480/city","reviews":"Mostly Negative","totalReviews":541,"tag":["Psychological Horror","First-Person"]}},{"name":"Incredible Fresh Towels","thumbnail":"http://lorempixel.com/640/480/food","price":"535.00","hoverinfo":{"releasedate":"2020-05-09T04:11:01.561Z","gif":"http://lorempixel.com/640/480/sports","reviews":"Very Positive","totalReviews":122,"tag":["Psychological Horror","First-Person"]}}]}
7|Incredible Metal Cheese|http://jazmyne.name|{"description":"Quia enim consequatur qui dolor eos est atque suscipit. Tempora molestiae non cupiditate delectus doloribus voluptas rem consequatur. Ut officiis hic fuga ipsum sit. Tempore facere ut distinctio necessitatibus illum omnis sed unde. Laboriosam fugit occaecati molestiae illum nemo nihil. Repellendus ab accusantium est maiores incidunt autem reiciendis fugit.","images":["http://lorempixel.com/640/480/abstract","http://lorempixel.com/640/480/abstract"],"maturecontent":{"description":["Use of Drugs","Blood and Gore","Sexual Content"]},"sysrequirement":{"os":[],"processor":"Core i5-7500","memory":"4GB RAM","graphics":"GTX 1040 / RX 560 - 2GB VRAM"}}|{"description":{"player":["dolor","http://lorempixel.com/640/480/technics"],"achievements":["non","http://lorempixel.com/640/480/cats"],"captions":["aut","http://lorempixel.com/640/480/cats"],"workshop":["in","http://lorempixel.com/640/480/sports"],"editor":["reiciendis","http://lorempixel.com/640/480/business"]},"vrsupport":{"headset":["molestiae","http://lorempixel.com/640/480/food","sint","http://lorempixel.com/640/480/people","sit","http://lorempixel.com/640/480/cats","incidunt","http://lorempixel.com/640/480/nature"],"input":["perspiciatis","http://lorempixel.com/640/480/nature"],"playarea":["dolorem","http://lorempixel.com/640/480/sports","laudantium","http://lorempixel.com/640/480/abstract","repellendus","http://lorempixel.com/640/480/nature"]},"languages":{"English":[false,false,false],"French":[false,false,false],"German":[true,false,true],"SpanishSpain":[true,false,false],"Japanese":[false,false,false],"Korean":[true,false,true],"Russian":[true,false,true],"SimplifiedChinese":[true,false,true],"SpanishLatinAmerica":[true,true,false],"TraditionalChinese":[true,true,true]},"achievements":["http://lorempixel.com/640/480/transport","http://lorempixel.com/640/480/cats","http://lorempixel.com/640/480/animals","http://lorempixel.com/640/480/food","http://lorempixel.com/640/480/business"],"metacritic":31,"minidescription":{"genre":["Role-playing","Idea"],"developer":"Thompson - Greenholt","publisher":"Buckridge LLC","franchise":"Feeney, Schneider and Runolfsdottir","releasedate":"2019-07-02T00:23:09.276Z"}}|{[{"name":"Sleek Cotton Computer","thumbnail":"http://lorempixel.com/640/480/nightlife","price":"238.00","hoverinfo":{"releasedate":"2019-11-13T20:47:01.507Z","gif":"http://lorempixel.com/640/480/cats","reviews":"Overwhelmingly Positive","totalReviews":235,"tag":["Psychological Horror","First-Person"]}},{"name":"Practical Frozen Salad","thumbnail":"http://lorempixel.com/640/480/people","price":"829.00","hoverinfo":{"releasedate":"2020-03-05T12:44:22.239Z","gif":"http://lorempixel.com/640/480/food","reviews":"Positive","totalReviews":710,"tag":["Psychological Horror","First-Person"]}},{"name":"Handmade Plastic Salad","thumbnail":"http://lorempixel.com/640/480/animals","price":"257.00","hoverinfo":{"releasedate":"2020-01-17T21:53:09.266Z","gif":"http://lorempixel.com/640/480/food","reviews":"Overwhelmingly Positive","totalReviews":403,"tag":["Psychological Horror","First-Person"]}},{"name":"Unbranded Plastic Fish","thumbnail":"http://lorempixel.com/640/480/animals","price":"553.00","hoverinfo":{"releasedate":"2020-01-09T12:27:41.218Z","gif":"http://lorempixel.com/640/480/animals","reviews":"Mixed","totalReviews":856,"tag":["Psychological Horror","First-Person"]}},{"name":"Fantastic Plastic Pants","thumbnail":"http://lorempixel.com/640/480/animals","price":"134.00","hoverinfo":{"releasedate":"2020-01-25T01:48:33.026Z","gif":"http://lorempixel.com/640/480/food","reviews":"Mostly Negative","totalReviews":701,"tag":["Psychological Horror","First-Person"]}}]}
8|Tasty Cotton Bacon|http://keith.net|{"description":"Aut qui id officia alias sint quas quibusdam maxime. Possimus et molestiae molestiae. Rerum rerum sed et possimus.","images":["http://lorempixel.com/640/480/technics","http://lorempixel.com/640/480/animals"],"maturecontent":{"description":[]},"sysrequirement":{"os":["Linux"],"processor":"Core i5-7800","memory":"2GB RAM","graphics":"GTX 1050 / RX 570 - 4GB VRAM"}}|{"description":{"player":["officiis","http://lorempixel.com/640/480/transport"],"achievements":["dolore","http://lorempixel.com/640/480/business"],"captions":["praesentium","http://lorempixel.com/640/480/food"],"workshop":["maiores","http://lorempixel.com/640/480/people"],"editor":["eos","http://lorempixel.com/640/480/fashion"]},"vrsupport":{"headset":["ipsa","http://lorempixel.com/640/480/nightlife","adipisci","http://lorempixel.com/640/480/business","reiciendis","http://lorempixel.com/640/480/abstract","dolores","http://lorempixel.com/640/480/sports"],"input":["est","http://lorempixel.com/640/480/fashion"],"playarea":["aut","http://lorempixel.com/640/480/fashion","consequuntur","http://lorempixel.com/640/480/nature","rerum","http://lorempixel.com/640/480/animals"]},"languages":{"English":[false,true,true],"French":[true,false,true],"German":[true,false,false],"SpanishSpain":[true,false,false],"Japanese":[false,true,true],"Korean":[false,true,false],"Russian":[true,false,false],"SimplifiedChinese":[false,false,false],"SpanishLatinAmerica":[true,false,false],"TraditionalChinese":[false,true,false]},"achievements":["http://lorempixel.com/640/480/animals","http://lorempixel.com/640/480/business","http://lorempixel.com/640/480/food","http://lorempixel.com/640/480/people","http://lorempixel.com/640/480/cats","http://lorempixel.com/640/480/abstract"],"metacritic":35,"minidescription":{"genre":["Idea"],"developer":"Dietrich Inc","publisher":"Bergnaum Group","franchise":"Bogisich - Auer","releasedate":"2019-08-12T00:39:40.216Z"}}|{[{"name":"Tasty Plastic Gloves","thumbnail":"http://lorempixel.com/640/480/fashion","price":"401.00","hoverinfo":{"releasedate":"2019-08-28T00:33:54.338Z","gif":"http://lorempixel.com/640/480/cats","reviews":"Overwhelmingly Positive","totalReviews":858,"tag":["Psychological Horror","First-Person"]}},{"name":"Unbranded Rubber Table","thumbnail":"http://lorempixel.com/640/480/technics","price":"814.00","hoverinfo":{"releasedate":"2019-06-05T20:50:41.584Z","gif":"http://lorempixel.com/640/480/city","reviews":"Very Negative","totalReviews":261,"tag":["Psychological Horror","First-Person"]}},{"name":"Incredible Steel Cheese","thumbnail":"http://lorempixel.com/640/480/transport","price":"460.00","hoverinfo":{"releasedate":"2020-02-11T12:38:43.436Z","gif":"http://lorempixel.com/640/480/transport","reviews":"Mostly Negative","totalReviews":999,"tag":["Psychological Horror","First-Person"]}},{"name":"Unbranded Rubber Shoes","thumbnail":"http://lorempixel.com/640/480/abstract","price":"762.00","hoverinfo":{"releasedate":"2020-04-13T03:11:57.804Z","gif":"http://lorempixel.com/640/480/transport","reviews":"Positive","totalReviews":759,"tag":["Psychological Horror","First-Person"]}},{"name":"Awesome Plastic Sausages","thumbnail":"http://lorempixel.com/640/480/food","price":"488.00","hoverinfo":{"releasedate":"2019-12-24T17:54:47.817Z","gif":"http://lorempixel.com/640/480/nightlife","reviews":"Mostly Positive","totalReviews":57,"tag":["Psychological Horror","First-Person"]}}]}
9|Ergonomic Wooden Shirt|http://simone.info|{"description":"Autem atque est quibusdam iste veniam. Hic sint aliquid voluptatem cum voluptatem.","images":["http://lorempixel.com/640/480/people","http://lorempixel.com/640/480/city"],"maturecontent":{"description":["Use of Drugs","Blood and Gore","Language"]},"sysrequirement":{"os":["Mac OSX","Windows 10"],"processor":"Core i5-7600","memory":"8GB RAM","graphics":"GTX 1050 / RX 570 - 4GB VRAM"}}|{"description":{"player":["enim","http://lorempixel.com/640/480/fashion"],"achievements":["nesciunt","http://lorempixel.com/640/480/sports"],"captions":["tempora","http://lorempixel.com/640/480/sports"],"workshop":["autem","http://lorempixel.com/640/480/city"],"editor":["ratione","http://lorempixel.com/640/480/people"]},"vrsupport":{"headset":["et","http://lorempixel.com/640/480/people","sint","http://lorempixel.com/640/480/abstract","praesentium","http://lorempixel.com/640/480/nature","dicta","http://lorempixel.com/640/480/cats"],"input":["similique","http://lorempixel.com/640/480/transport"],"playarea":["doloremque","http://lorempixel.com/640/480/animals","optio","http://lorempixel.com/640/480/business","dolore","http://lorempixel.com/640/480/business"]},"languages":{"English":[true,true,false],"French":[true,false,false],"German":[true,true,false],"SpanishSpain":[false,true,false],"Japanese":[true,false,false],"Korean":[false,false,true],"Russian":[false,false,false],"SimplifiedChinese":[true,true,true],"SpanishLatinAmerica":[true,true,true],"TraditionalChinese":[false,true,false]},"achievements":["http://lorempixel.com/640/480/cats","http://lorempixel.com/640/480/transport","http://lorempixel.com/640/480/food","http://lorempixel.com/640/480/animals","http://lorempixel.com/640/480/fashion"],"metacritic":72,"minidescription":{"genre":["Puzzle","Simulation"],"developer":"Gottlieb - Hayes","publisher":"Daniel, Koch and Zboncak","franchise":"Eichmann LLC","releasedate":"2020-03-11T20:20:45.091Z"}}|{[{"name":"Handcrafted Soft Mouse","thumbnail":"http://lorempixel.com/640/480/food","price":"726.00","hoverinfo":{"releasedate":"2020-04-09T19:16:33.347Z","gif":"http://lorempixel.com/640/480/transport","reviews":"Negative","totalReviews":739,"tag":["Psychological Horror","First-Person"]}},{"name":"Fantastic Wooden Fish","thumbnail":"http://lorempixel.com/640/480/food","price":"199.00","hoverinfo":{"releasedate":"2019-11-09T02:19:21.283Z","gif":"http://lorempixel.com/640/480/sports","reviews":"Mostly Negative","totalReviews":880,"tag":["Psychological Horror","First-Person"]}},{"name":"Generic Cotton Chair","thumbnail":"http://lorempixel.com/640/480/transport","price":"497.00","hoverinfo":{"releasedate":"2019-08-27T09:56:18.922Z","gif":"http://lorempixel.com/640/480/transport","reviews":"Mostly Positive","totalReviews":622,"tag":["Psychological Horror","First-Person"]}},{"name":"Ergonomic Granite Bike","thumbnail":"http://lorempixel.com/640/480/fashion","price":"478.00","hoverinfo":{"releasedate":"2019-06-13T23:42:22.880Z","gif":"http://lorempixel.com/640/480/sports","reviews":"Very Positive","totalReviews":504,"tag":["Psychological Horror","First-Person"]}},{"name":"Ergonomic Soft Bike","thumbnail":"http://lorempixel.com/640/480/technics","price":"59.00","hoverinfo":{"releasedate":"2020-04-27T14:54:55.179Z","gif":"http://lorempixel.com/640/480/technics","reviews":"Positive","totalReviews":799,"tag":["Psychological Horror","First-Person"]}}]}
10|Sleek Rubber Shoes|https://irwin.biz|{"description":"Nisi id dolor voluptatum. Omnis debitis et. Eos inventore omnis voluptatem. Neque quisquam amet.","images":["http://lorempixel.com/640/480/business","http://lorempixel.com/640/480/sports"],"maturecontent":{"description":["Nudity"]},"sysrequirement":{"os":["Windows 10"],"processor":"Core i5-7800","memory":"4GB RAM","graphics":"GTX 1060 / RX 580 - 6GB VRAM"}}|{"description":{"player":["consectetur","http://lorempixel.com/640/480/nightlife"],"achievements":["ea","http://lorempixel.com/640/480/food"],"captions":["dolor","http://lorempixel.com/640/480/nature"],"workshop":["nihil","http://lorempixel.com/640/480/transport"],"editor":["quisquam","http://lorempixel.com/640/480/nature"]},"vrsupport":{"headset":["dolore","http://lorempixel.com/640/480/food","dolore","http://lorempixel.com/640/480/transport","molestias","http://lorempixel.com/640/480/fashion","quae","http://lorempixel.com/640/480/transport"],"input":["illum","http://lorempixel.com/640/480/animals"],"playarea":["porro","http://lorempixel.com/640/480/food","laborum","http://lorempixel.com/640/480/technics","doloremque","http://lorempixel.com/640/480/people"]},"languages":{"English":[true,false,true],"French":[true,false,false],"German":[true,true,false],"SpanishSpain":[false,true,false],"Japanese":[false,true,false],"Korean":[true,true,true],"Russian":[true,false,true],"SimplifiedChinese":[false,true,false],"SpanishLatinAmerica":[true,true,false],"TraditionalChinese":[false,true,true]},"achievements":["http://lorempixel.com/640/480/abstract","http://lorempixel.com/640/480/animals","http://lorempixel.com/640/480/food","http://lorempixel.com/640/480/cats","http://lorempixel.com/640/480/fashion"],"metacritic":54,"minidescription":{"genre":["Puzzle"],"developer":"Batz Inc","publisher":"Parker - D'Amore","franchise":"O'Connell, Gleason and Erdman","releasedate":"2020-02-02T08:52:15.110Z"}}|{[{"name":"Awesome Plastic Keyboard","thumbnail":"http://lorempixel.com/640/480/technics","price":"155.00","hoverinfo":{"releasedate":"2019-12-10T15:19:33.054Z","gif":"http://lorempixel.com/640/480/abstract","reviews":"Overwhelmingly Positive","totalReviews":927,"tag":["Psychological Horror","First-Person"]}},{"name":"Practical Steel Mouse","thumbnail":"http://lorempixel.com/640/480/food","price":"56.00","hoverinfo":{"releasedate":"2019-10-26T17:53:56.483Z","gif":"http://lorempixel.com/640/480/sports","reviews":"Positive","totalReviews":290,"tag":["Psychological Horror","First-Person"]}},{"name":"Handmade Rubber Tuna","thumbnail":"http://lorempixel.com/640/480/people","price":"769.00","hoverinfo":{"releasedate":"2019-12-08T04:03:17.884Z","gif":"http://lorempixel.com/640/480/abstract","reviews":"Mixed","totalReviews":640,"tag":["Psychological Horror","First-Person"]}},{"name":"Licensed Wooden Fish","thumbnail":"http://lorempixel.com/640/480/people","price":"520.00","hoverinfo":{"releasedate":"2020-04-20T11:39:37.683Z","gif":"http://lorempixel.com/640/480/animals","reviews":"Overwhelmingly Negative","totalReviews":4,"tag":["Psychological Horror","First-Person"]}},{"name":"Awesome Wooden Sausages","thumbnail":"http://lorempixel.com/640/480/city","price":"415.00","hoverinfo":{"releasedate":"2019-06-13T21:52:07.254Z","gif":"http://lorempixel.com/640/480/technics","reviews":"Overwhelmingly Negative","totalReviews":336,"tag":["Psychological Horror","First-Person"]}}]}
